{"cameraMode":{"drawMode":0,"name":"Shaded","section":"Shading Mode"},"sceneLighting":false,"audioPlay":false,"sceneViewState":{"m_AlwaysRefresh":false,"showFog":true,"showSkybox":false,"showFlares":true,"showImageEffects":true,"showParticleSystems":true,"showVisualEffectGraphs":true,"m_FxEnabled":true},"in2DMode":false,"pivot":{"x":-0.39766737818717959,"y":1.827284336090088,"z":-0.07687506824731827},"rotation":{"x":0.03334558382630348,"y":0.6146866679191589,"z":-0.026021381840109826,"w":0.7876461744308472},"size":2.123103618621826,"orthographic":false}