{"cameraMode":{"drawMode":0,"name":"Shaded","section":"Shading Mode"},"sceneLighting":false,"audioPlay":false,"sceneViewState":{"m_AlwaysRefresh":false,"showFog":true,"showSkybox":false,"showFlares":true,"showImageEffects":true,"showParticleSystems":true,"showVisualEffectGraphs":true,"m_FxEnabled":true},"in2DMode":false,"pivot":{"x":8.956404685974121,"y":3.717921018600464,"z":7.8748860359191898},"rotation":{"x":-0.020900780335068704,"y":0.9680135250091553,"z":-0.08619542419910431,"w":-0.2347189038991928},"size":0.8660253882408142,"orthographic":false}