{"cameraMode":{"drawMode":0,"name":"Shaded","section":"Shading Mode"},"sceneLighting":true,"audioPlay":false,"sceneViewState":{"m_AlwaysRefresh":false,"showFog":true,"showSkybox":true,"showFlares":true,"showImageEffects":true,"showParticleSystems":true,"showVisualEffectGraphs":true,"m_FxEnabled":true},"in2DMode":false,"pivot":{"x":-10.505165100097657,"y":2.591184616088867,"z":50.47313690185547},"rotation":{"x":0.026685794815421106,"y":0.011093318462371827,"z":0.00029558289679698646,"w":-0.999585747718811},"size":46.768035888671878,"orthographic":false}