{"cameraMode":{"drawMode":0,"name":"Shaded","section":"Shading Mode"},"sceneLighting":false,"audioPlay":false,"sceneViewState":{"m_AlwaysRefresh":false,"showFog":true,"showSkybox":false,"showFlares":true,"showImageEffects":true,"showParticleSystems":true,"showVisualEffectGraphs":true,"m_FxEnabled":true},"in2DMode":false,"pivot":{"x":3.970318078994751,"y":1.9869005680084229,"z":11.003764152526856},"rotation":{"x":-0.10488580912351608,"y":0.7407362461090088,"z":-0.11901620030403137,"w":-0.6528081893920898},"size":0.8469257950782776,"orthographic":false}